,Contenders,False Eliminations,Cycles,Total Effort,Time
0,1,0,7,11300.0,0.019073000000000007
0,1,0,7,11100.0,0.022241999999999984
0,1,0,7,11300.0,0.024401999999999924
0,1,0,7,11400.0,0.028247000000000022
0,1,0,7,11300.0,0.038497
